id,firstName,lastName,email,isOwner,licenseType,empUid,roleId,status,companyId,designationId,userId,avatarUrl,deletedAt
372,Ikeobi,Uchechukwu,snapnetdemo@gmail.com,1,deactivated,SNAPD0001,141,confirmed,53,83.0,167.0,,
373,Ajaz, Paul,ajaz@snapdemo.com,0,deactivated,SD0001101,142,probation,53,110.0,,,
374,Muideen,Udegbunam,muideen@snapdemo.com,0,deactivated,SD0001102,142,probation,53,105.0,,,
375,Yusuf,Usman,yusuf@snapdemo.com,0,deactivated,SD0001103,142,probation,53,109.0,168.0,,
376,Charles, Ajibola,charles@snapdemo.com,0,deactivated,SD0001104,142,probation,53,76.0,,,
391,Abdullahi,Coker,abdullahi@snapdemo.com,0,deactivated,SD0001105,142,probation,53,98.0,,,
392,Abdulrahman,Maikudi,abdulrahman@snapdemo.com,0,deactivated,SD0001106,142,probation,53,103.0,,,
393,Mohammed,Stephen,mohammed@snapdemo.com,0,deactivated,SD0001107,142,probation,53,92.0,169.0,,
394,Ibrahim,Rabiu,ibrahim@snapdemo.com,0,deactivated,SD0001108,142,probation,53,108.0,170.0,,
395,David,Bashir,david@snapdemo.com,0,deactivated,SD0001109,142,probation,53,90.0,177.0,,
396,Comfort,Mohammed,comfort@snapdemo.com,0,deactivated,SD0001110,142,probation,53,95.0,171.0,,
397,Ali,Jidda,ali@snapdemo.com,0,deactivated,SD0001111,142,probation,53,104.0,172.0,,
398,Ijeoma,Udoye,ijeoma@snapdemo.com,0,deactivated,SD0001112,142,probation,53,107.0,173.0,,
399,Ibiyemi,Kolade,ibiyemi@snapdemo.com,0,deactivated,SD0001113,142,probation,53,78.0,,,
400,Adeoye,Lawal,adeoye@snapdemo.com,0,deactivated,SD0001114,142,probation,53,99.0,,,
401,Irene,Okhamena,irene@snapdemo.com,0,deactivated,SD0001115,142,probation,53,85.0,174.0,,
402,Edo,Dire,edo@snapdemo.com,0,deactivated,SD0001116,142,probation,53,103.0,178.0,,
403,Ayobiyi,Ebede,ayobiyi@snapdemo.com,0,deactivated,SD0001117,142,probation,53,102.0,175.0,,
404,Oladipo,Ambeke,oladipo@snapdemo.com,0,licensed,SD0001118,142,probation,53,89.0,176.0,,
405,Lawal ,Sambo,lawal@snapdemo.com,0,licensed,SD0001119,142,probation,53,106.0,,,
416,Waziri ,Igharo,waziri@snapdemo.com,0,licensed,SD0001120,142,probation,53,99.0,,,
417,Adebowale ,Ishola,adebowale@snapdemo.com,0,licensed,SD0001121,142,probation,53,89.0,,,
419,Yunus , Oyefeso,yunus@snapdemo.com,0,licensed,SD0001122,142,probation,53,91.0,,,
420,Naimat ,Sanusi,naimat@snapdemo.com,0,licensed,SD0001123,142,probation,53,86.0,179.0,,
421,Vincent ,Renos,vincent@snapdemo.com,0,licensed,SD0001124,142,probation,53,93.0,180.0,,
422,Hamza ,Gbadegesin,hamza@snapdemo.com,0,licensed,SD0001125,142,probation,53,74.0,181.0,,
423,Carol ,Akindele,carol@snapdemo.com,0,licensed,SD0001126,142,probation,53,87.0,,,
424,Caroline ,Ejimadu,caroline@snapdemo.com,0,licensed,SD0001127,142,probation,53,104.0,182.0,,
425,Solomon , Ugbegua,solomon@snapdemo.com,0,licensed,SD0001128,142,probation,53,,183.0,,
426,Gloria ,Mohammed,gloria@snapdemo.com,0,licensed,SD0001129,142,probation,53,109.0,184.0,,
427,Wilfred ,Abodunrin,wilfred@snapdemo.com,0,licensed,SD0001130,142,probation,53,97.0,185.0,,
428,Tapji , Ogunsola,tapji@snapdemo.com,0,licensed,SD0001131,142,probation,53,98.0,186.0,,
429,Saad ,Agbeniyi,saad@snapdemo.com,0,licensed,SD0001132,142,probation,53,109.0,187.0,,
430,Jane ,Goodluck,jane@snapdemo.com,0,licensed,SD0001133,142,probation,53,78.0,188.0,,
431,Tracy ,Idris,tracy@snapdemo.com,0,licensed,SD0001134,142,probation,53,96.0,189.0,,
432,Simon ,Solomon,simon@snapdemo.com,0,licensed,SD0001135,142,probation,53,82.0,190.0,,
433,Ebunoluwa ,Durojaiye,ebunoluwa@snapdemo.com,0,licensed,SD0001136,142,probation,53,106.0,,,
434,Ben , Peters,ben@snapdemo.com,0,licensed,SD0001137,142,probation,53,73.0,191.0,,
435,Ishaq ,YAHAYA,ishaq@snapdemo.com,0,licensed,SD0001138,142,probation,53,87.0,,,
436,Friday, Ahmed,friday@snapdemo.com,0,licensed,SD0001139,142,probation,53,88.0,192.0,,
437,Onyinye , Aruna,onyinye@snapdemo.com,0,licensed,SD0001140,142,probation,53,96.0,,,
438,Bisola, Ayoka,bisola@snapdemo.com,0,licensed,SD0001142,142,probation,53,79.0,193.0,,
439,Adejumoke , Bashir,adejumoke@snapdemo.com,0,licensed,SD0001143,142,probation,53,84.0,194.0,,
440,Fatima , Bashir,fatima@snapdemo.com,0,licensed,SD0001144,142,probation,53,97.0,,,
441,Nanret , Gabdo,nanret@snapdemo.com,0,licensed,SD0001145,142,probation,53,76.0,195.0,,
442,Nuhu , Galadinma,nuhu@snapdemo.com,0,licensed,SD0001146,142,probation,53,78.0,196.0,,
443,Muazu , Huntrods,muazu@snapdemo.com,0,licensed,SD0001147,142,probation,53,78.0,197.0,,
444,Yakub , Jideonwo,yakub@snapdemo.com,0,licensed,SD0001148,142,probation,53,82.0,198.0,,
445,Abubakar , Muhammed,abubakar@snapdemo.com,0,licensed,SD0001149,142,probation,53,81.0,199.0,,
446,Adaobi , Nwakuche,adaobi@snapdemo.com,0,licensed,SD0001150,142,probation,53,80.0,200.0,,
447,Olatunji , Odusi,olatunji@snapdemo.com,0,licensed,SD0001151,142,probation,53,75.0,201.0,,
448,Olukayode , Ogunwolu,olukayode@snapdemo.com,0,licensed,SD0001152,142,probation,53,74.0,202.0,,
449,Sekinat , Olaseinde,sekinat@snapdemo.com,0,licensed,SD0001153,142,probation,53,77.0,203.0,,
450,Benjamin , Owoicho,benjamin@snapdemo.com,0,licensed,SD0001154,145,probation,53,73.0,,,
468,Ijeoma,Epelle,ijeoma@snapnetltd.com,0,licensed,SD000111,143,confirmed,53,101.0,206.0,,
528,Ayoola,Oladapo,ayoola.arogundade@snapnetltd.com,0,licensed,SD0001155,142,confirmed,53,77.0,218.0,,
529,Faith,Arogundade,faith@snapnetltd.com,0,licensed,SD0001156,143,confirmed,53,102.0,219.0,,
530,Mfon,Obong,mfonobong@snapnetltd.com,0,licensed,SD0001157,142,confirmed,53,75.0,220.0,,
